pollutant,averaging_hours,conc_low,conc_high,index_low,index_high,category
PM2.5,24,0,30,0,50,Good
PM2.5,24,31,60,51,100,Satisfactory
PM2.5,24,61,90,101,200,Moderate
PM2.5,24,91,120,201,300,Poor
PM2.5,24,121,250,301,400,Very Poor
PM2.5,24,251,500,401,500,Severe
PM10,24,0,50,0,50,Good
PM10,24,51,100,51,100,Satisfactory
PM10,24,101,250,101,200,Moderate
PM10,24,251,350,201,300,Poor
PM10,24,351,430,301,400,Very Poor
PM10,24,431,500,401,500,Severe
NO2,24,0,40,0,50,Good
NO2,24,41,80,51,100,Satisfactory
NO2,24,81,180,101,200,Moderate
NO2,24,181,280,201,300,Poor
NO2,24,281,400,301,400,Very Poor
NO2,24,401,500,401,500,Severe
SO2,24,0,40,0,50,Good
SO2,24,41,80,51,100,Satisfactory
SO2,24,81,380,101,200,Moderate
SO2,24,381,800,201,300,Poor
SO2,24,801,1600,301,400,Very Poor
SO2,24,1601,2000,401,500,Severe
CO,8,0,1.0,0,50,Good
CO,8,1.1,2.0,51,100,Satisfactory
CO,8,2.1,10.0,101,200,Moderate
CO,8,10.1,17.0,201,300,Poor
CO,8,17.1,34.0,301,400,Very Poor
CO,8,34.1,50.0,401,500,Severe
O3,8,0,50,0,50,Good
O3,8,51,100,51,100,Satisfactory
O3,8,101,168,101,200,Moderate
O3,8,169,208,201,300,Poor
O3,8,209,748,301,400,Very Poor
O3,8,749,1000,401,500,Severe
NH3,24,0,200,0,50,Good
NH3,24,201,400,51,100,Satisfactory
NH3,24,401,800,101,200,Moderate
NH3,24,801,1200,201,300,Poor
NH3,24,1201,1800,301,400,Very Poor
NH3,24,1801,2000,401,500,Severe
